id,name,model_id:id,group_id:id,perm_read,perm_write,perm_create,perm_unlink
access_property_property_admin,property.property.admin,model_property_property,base.group_user,1,1,1,1
access_property_property_public,property.property.public,model_property_property,base.group_public,1,0,0,0
access_property_property_portal,property.property.portal,model_property_property,base.group_portal,1,1,1,0

access_real_estate_agent_admin,real.estate.agent.admin,model_real_estate_agent,base.group_user,1,1,1,1
access_real_estate_agent_public,real.estate.agent.public,model_real_estate_agent,base.group_public,1,0,0,0
access_real_estate_agent_portal,real.estate.agent.portal,model_real_estate_agent,base.group_portal,1,0,0,0

access_agent_registration_admin,agent.registration.admin,model_agent_registration,base.group_user,1,1,1,1
access_agent_registration_public,agent.registration.public,model_agent_registration,base.group_public,1,0,1,0

access_property_registration_admin,property.registration.admin,model_property_registration,base.group_user,1,1,1,1
access_property_registration_portal,property.registration.portal,model_property_registration,base.group_portal,1,1,1,0
access_property_registration_public,property.registration.public,model_property_registration,base.group_public,1,0,1,0

access_customer_registration_admin,customer.registration.admin,model_customer_registration,base.group_user,1,1,1,1
access_customer_registration_portal,customer.registration.portal,model_customer_registration,base.group_portal,1,1,1,0
access_customer_registration_public,customer.registration.public,model_customer_registration,base.group_public,1,0,1,0

access_property_category,property.category.access,model_property_category,base.group_user,1,1,1,1
access_property_gallery_image,property.gallery.image.access,model_property_gallery_image,base.group_user,1,1,1,1
access_property_dashboard,property.dashboard.access,model_property_dashboard,base.group_user,1,1,1,1
access_agent_registration_reject_wizard,agent.registration.reject.wizard.access,model_agent_registration_reject_wizard,base.group_user,1,1,1,1
access_customer_registration_reject_wizard,customer.registration.reject.wizard.access,model_customer_registration_reject_wizard,base.group_user,1,1,1,1
access_property_ai_cache,property.ai.cache.access,model_property_ai_cache,base.group_user,1,1,1,1
access_flier_registration_admin,flier.registration.admin,model_flier_registration,base.group_user,1,1,1,1